open_time,open,high,low,close,volume,close_time,quote_asset_volume,number_of_trades,taker_buy_base_asset_volume,taker_buy_quote_asset_volume,ignore
2026-03-18 21:00:00,71214.67,71451.22,71167.15,71263.67,338.26453,2026-03-18 21:59:59.999,24124075.7017988,112777,198.72672,14172630.0640832,0
2026-03-18 22:00:00,71263.67,71269.02,70944.56,71153.66,520.94837,2026-03-18 22:59:59.999,37019284.4275539,104410,232.85691,16547495.9473414,0
2026-03-18 23:00:00,71153.67,71365.4,71069.69,71246.54,691.26691,2026-03-18 23:59:59.999,49243263.5136803,145241,360.85803,25709648.3988376,0
2026-03-19 00:00:00,71246.55,71321.81,70976.69,71002.17,887.95607,2026-03-19 00:59:59.999,63132633.6989165,142997,418.18834,29732698.5833882,0
2026-03-19 01:00:00,71002.18,71182.44,70951.93,71115.23,391.40796,2026-03-19 01:59:59.999,27811412.5209495,111388,158.79462,11283467.6348878,0
2026-03-19 02:00:00,71115.24,71252.83,70902.37,71055.44,554.97617,2026-03-19 02:59:59.999,39481245.7808288,102738,194.7154,13850884.7430918,0
2026-03-19 03:00:00,71055.44,71613.79,71053.33,71215.39,593.60943,2026-03-19 03:59:59.999,42349252.2232287,136187,283.05616,20196707.2835908,0
2026-03-19 04:00:00,71215.39,71215.39,70654.86,70822.07,702.86032,2026-03-19 04:59:59.999,49785063.0975735,155872,314.52316,22276550.6840513,0
2026-03-19 05:00:00,70822.06,70909.88,70661.56,70826.54,416.16191,2026-03-19 05:59:59.999,29463160.9589521,106887,226.70574,16052531.3408116,0
2026-03-19 06:00:00,70826.55,70979.99,70505.0,70583.22,619.8514,2026-03-19 06:59:59.999,43825028.6582231,136364,247.00622,17465821.7505493,0
2026-03-19 07:00:00,70583.22,70600.04,69478.51,70191.17,2753.9557,2026-03-19 07:59:59.999,192871533.9309172,360127,1132.30875,79286894.4500579,0
2026-03-19 08:00:00,70191.16,70300.0,69900.0,69985.19,1015.64209,2026-03-19 08:59:59.999,71193379.2209247,202958,381.64144,26754249.926394,0
2026-03-19 09:00:00,69985.19,70560.91,69971.99,70513.0,1262.65596,2026-03-19 09:59:59.999,88780872.216809,223886,679.0493,47751143.2168706,0
2026-03-19 10:00:00,70513.0,70538.74,70117.0,70133.72,613.17552,2026-03-19 10:59:59.999,43160949.0815586,124422,268.86791,18926095.2312973,0
2026-03-19 11:00:00,70133.73,70259.37,69909.09,69952.75,542.70053,2026-03-19 11:59:59.999,38023878.221242,123680,195.64389,13710962.3086973,0
2026-03-19 12:00:00,69952.75,69952.76,69105.49,69290.27,1452.42038,2026-03-19 12:59:59.999,101065558.9525731,274900,582.80236,40550959.2885875,0
2026-03-19 13:00:00,69290.28,70084.35,69081.51,69905.65,1720.19325,2026-03-19 13:59:59.999,119458350.6730793,473306,890.86947,61894862.1215712,0
2026-03-19 14:00:00,69905.65,70179.53,69096.16,69482.25,1636.49639,2026-03-19 14:59:59.999,113585518.8772272,399716,715.77467,49706895.8911053,0
2026-03-19 15:00:00,69482.24,69917.87,68793.35,69412.51,1898.28931,2026-03-19 15:59:59.999,131477295.1536006,389361,953.88696,66097686.0576532,0
2026-03-19 16:00:00,69412.52,69642.35,69177.19,69455.86,858.32753,2026-03-19 16:59:59.999,59567168.9730007,279945,492.02558,34145080.4410059,0
2026-03-19 17:00:00,69455.86,69954.18,69122.03,69854.16,759.67868,2026-03-19 17:59:59.999,52817725.5973047,236298,479.07306,33319285.2970692,0
2026-03-19 18:00:00,69854.15,69931.1,69581.55,69821.21,442.61763,2026-03-19 18:59:59.999,30873259.5011859,167373,235.69976,16441236.5462337,0
2026-03-19 19:00:00,69821.21,70596.42,69805.33,70271.99,1190.55299,2026-03-19 19:59:59.999,83703288.5506289,350207,691.8917,48642043.0250229,0
2026-03-19 20:00:00,70272.0,70676.0,70201.0,70483.03,488.71031,2026-03-19 20:59:59.999,34420949.7359931,107844,319.73708,22522900.9815392,0
2026-03-19 21:00:00,70483.03,70695.6,70371.19,70413.47,418.78383,2026-03-19 21:59:59.999,29539657.8584004,111392,183.96126,12975608.4454932,0
2026-03-19 22:00:00,70413.46,70501.89,69954.05,70183.99,551.7482,2026-03-19 22:59:59.999,38750806.9463924,123086,203.93185,14325277.0161635,0
2026-03-19 23:00:00,70184.0,70282.47,69718.23,69930.0,592.04663,2026-03-19 23:59:59.999,41435959.4309024,131592,238.98208,16724781.0222556,0
2026-03-20 00:00:00,69930.01,70311.12,69837.1,70181.0,871.72419,2026-03-20 00:59:59.999,61099657.9975766,140310,554.94529,38898667.0332695,0
2026-03-20 01:00:00,70181.0,70588.5,70181.0,70403.79,526.82154,2026-03-20 01:59:59.999,37099306.9997249,143190,329.31045,23190657.1536293,0
2026-03-20 02:00:00,70403.8,70516.16,70086.86,70415.47,312.91426,2026-03-20 02:59:59.999,21995861.2324314,109755,166.84802,11730603.9873186,0
2026-03-20 03:00:00,70415.48,70809.43,70388.0,70729.92,711.57589,2026-03-20 03:59:59.999,50275539.8980256,140086,435.33283,30760018.4686851,0
2026-03-20 04:00:00,70729.93,70969.71,70557.91,70783.69,546.53749,2026-03-20 04:59:59.999,38690338.0895582,99782,309.33071,21900147.344654,0
2026-03-20 05:00:00,70783.7,70867.44,70521.73,70606.24,367.69531,2026-03-20 05:59:59.999,25988752.0068573,64317,206.54952,14599142.0900696,0
2026-03-20 06:00:00,70606.23,70646.93,70346.49,70502.9,758.81391,2026-03-20 06:59:59.999,53499958.365418,81917,269.05386,18967937.8133292,0
2026-03-20 07:00:00,70502.91,70939.58,70160.06,70854.66,936.89906,2026-03-20 07:59:59.999,66155511.481538,108110,462.02032,32633393.3610895,0
2026-03-20 08:00:00,70854.66,71367.0,70800.0,71042.23,1011.96314,2026-03-20 08:59:59.999,71994361.9832055,155511,529.21105,37652148.1122338,0
2026-03-20 09:00:00,71042.23,71042.23,70419.65,70583.8,885.49116,2026-03-20 09:59:59.999,62625465.6597395,145152,272.20455,19240215.3407964,0
2026-03-20 10:00:00,70583.81,70670.43,70218.68,70611.68,609.11713,2026-03-20 10:59:59.999,42907563.099605,152511,244.38509,17218604.0789732,0
2026-03-20 11:00:00,70611.68,70810.81,70303.36,70478.71,605.56445,2026-03-20 11:59:59.999,42745068.2254737,117297,311.92509,22032454.8701296,0
2026-03-20 12:00:00,70478.71,70685.63,70251.0,70342.63,613.27107,2026-03-20 12:59:59.999,43204525.1355932,160744,254.20593,17911384.7212939,0
2026-03-20 13:00:00,70342.63,70613.75,69795.7,69863.84,1225.89394,2026-03-20 13:59:59.999,86023937.1145009,381953,509.54543,35757176.5220306,0
2026-03-20 14:00:00,69863.85,70268.66,69589.38,69731.21,1679.84994,2026-03-20 14:59:59.999,117344085.0041177,462646,716.40904,50067965.4789292,0
2026-03-20 15:00:00,69731.2,70002.68,69480.0,69860.09,1196.90076,2026-03-20 15:59:59.999,83493362.9269841,339941,599.75445,41849006.2054136,0
2026-03-20 16:00:00,69860.09,70100.0,69608.54,69829.26,922.25773,2026-03-20 16:59:59.999,64460463.4445135,275811,448.11597,31326017.3601415,0
2026-03-20 17:00:00,69829.27,70039.78,69388.0,70000.0,998.84797,2026-03-20 17:59:59.999,69631317.2331938,297124,513.14661,35779801.1458225,0
2026-03-20 18:00:00,69999.99,70071.81,69525.33,69770.0,630.4796,2026-03-20 18:59:59.999,44016722.1628272,260214,310.11685,21652969.7218576,0
2026-03-20 19:00:00,69770.01,70190.18,69673.76,70177.86,528.39593,2026-03-20 19:59:59.999,36948768.0069334,208941,273.63077,19136712.4874544,0
2026-03-20 20:00:00,70177.85,70259.28,69754.71,70057.66,435.39665,2026-03-20 20:59:59.999,30481116.0043509,133775,215.06058,15057870.4671932,0
2026-03-20 21:00:00,70057.66,70726.13,69946.65,70540.73,780.46042,2026-03-20 21:59:59.999,54974110.4109655,170683,395.03924,27827182.8926799,0
2026-03-20 22:00:00,70540.72,70923.75,70532.0,70767.85,591.69583,2026-03-20 22:59:59.999,41874784.3225354,122849,300.29425,21252105.2227182,0
2026-03-20 23:00:00,70767.85,70771.13,70430.0,70510.73,372.60008,2026-03-20 23:59:59.999,26282263.8830011,97352,174.97621,12339756.3471025,0
2026-03-21 00:00:00,70510.73,70826.0,70467.36,70682.19,274.67077,2026-03-21 00:59:59.999,19405449.3986766,96177,169.15519,11952860.5102802,0
2026-03-21 01:00:00,70682.2,70758.5,70445.36,70464.59,375.95226,2026-03-21 01:59:59.999,26534792.438015,69998,154.45884,10906254.4557923,0
2026-03-21 02:00:00,70464.6,70785.9,70431.67,70737.6,316.88084,2026-03-21 02:59:59.999,22370737.7659312,68014,201.04398,14192879.1248936,0
2026-03-21 03:00:00,70737.6,70784.07,70632.39,70657.35,226.82019,2026-03-21 03:59:59.999,16033191.9620646,56042,62.52815,4419808.6900916,0
2026-03-21 04:00:00,70657.35,70819.0,70617.05,70642.13,487.10407,2026-03-21 04:59:59.999,34443455.0160256,70878,264.12264,18677249.464946,0
2026-03-21 05:00:00,70642.14,70834.46,70635.1,70697.94,941.44912,2026-03-21 05:59:59.999,66603042.4535142,71248,554.01103,39195238.1042482,0
2026-03-21 06:00:00,70697.94,70831.14,70693.06,70774.65,857.26608,2026-03-21 06:59:59.999,60670292.1252123,66267,375.51803,26575005.7309958,0
2026-03-21 07:00:00,70773.55,70879.76,70677.44,70727.33,431.42703,2026-03-21 07:59:59.999,30532258.996225,57015,224.39041,15880022.983717,0
2026-03-21 08:00:00,70727.33,70753.79,70492.02,70594.43,956.10118,2026-03-21 08:59:59.999,67518854.9824309,77638,348.51309,24606216.8227858,0
2026-03-21 09:00:00,70594.42,70735.36,70570.4,70661.59,204.69969,2026-03-21 09:59:59.999,14464878.7014822,53011,89.96878,6357957.3403568,0
2026-03-21 10:00:00,70661.59,70695.32,70559.69,70605.64,524.32782,2026-03-21 10:59:59.999,37025258.3172845,42966,245.1937,17321678.6046276,0
2026-03-21 11:00:00,70605.64,70652.73,70567.79,70652.72,360.21459,2026-03-21 11:59:59.999,25434634.4188194,28847,284.08518,20059421.1514276,0
2026-03-21 12:00:00,70652.73,70800.0,70652.73,70722.61,199.41863,2026-03-21 12:59:59.999,14106130.8143339,51001,99.56019,7042657.9988177,0
2026-03-21 13:00:00,70722.61,70812.74,70707.12,70740.18,171.5437,2026-03-21 13:59:59.999,12135958.9607566,44402,95.27531,6740278.623621,0
2026-03-21 14:00:00,70740.18,71100.94,70592.53,70629.1,873.72717,2026-03-21 14:59:59.999,61936438.3848319,106164,458.78074,32541148.4594017,0
2026-03-21 15:00:00,70629.09,70760.0,70453.09,70630.02,399.45062,2026-03-21 15:59:59.999,28208569.2160207,74229,115.52671,8158132.7823083,0
2026-03-21 16:00:00,70630.02,70652.64,70251.0,70301.66,435.70425,2026-03-21 16:59:59.999,30701496.8712734,76254,150.61495,10607744.5109579,0
2026-03-21 17:00:00,70301.66,70426.18,70210.0,70304.08,444.648,2026-03-21 17:59:59.999,31287458.6722962,57273,261.83878,18426976.4218456,0
2026-03-21 18:00:00,70303.45,70534.38,70290.48,70389.19,200.5858,2026-03-21 18:59:59.999,14124440.9230679,40969,114.40981,8057290.4394987,0
2026-03-21 19:00:00,70389.18,70448.79,70324.7,70396.0,140.45698,2026-03-21 19:59:59.999,9888500.0905668,32378,68.06685,4791996.2680488,0
2026-03-21 20:00:00,70396.01,70508.11,70358.9,70462.28,697.39549,2026-03-21 20:59:59.999,49130109.4041652,43747,368.03195,25931999.4768281,0
2026-03-21 21:00:00,70462.27,70516.82,70268.06,70345.57,629.83259,2026-03-21 21:59:59.999,44342352.9752723,49380,294.03196,20709908.5138829,0
2026-03-21 22:00:00,70345.57,70384.95,70265.55,70277.22,737.88495,2026-03-21 22:59:59.999,51880485.9636608,49969,428.89667,30156267.0129906,0
2026-03-21 23:00:00,70277.21,70293.82,68571.42,68918.12,2509.60568,2026-03-21 23:59:59.999,173915093.1744968,256219,951.67019,65847367.4417909,0
2026-03-22 00:00:00,68918.12,69155.86,68228.5,68954.71,2161.16442,2026-03-22 00:59:59.999,148582479.946055,367565,1101.38693,75739058.6889353,0
2026-03-22 01:00:00,68954.7,69100.0,68762.31,68962.4,809.55651,2026-03-22 01:59:59.999,55826958.6184656,143545,408.40998,28168959.954414,0
2026-03-22 02:00:00,68962.4,69411.1,68951.21,69278.12,506.62838,2026-03-22 02:59:59.999,35062455.402669,136935,295.53734,20453133.7726635,0
2026-03-22 03:00:00,69278.12,69588.79,69123.13,69339.99,671.1404,2026-03-22 03:59:59.999,46551314.3299314,126421,344.11045,23866710.4988547,0
2026-03-22 04:00:00,69340.0,69526.85,69215.89,69358.0,626.75701,2026-03-22 04:59:59.999,43467744.8603295,92158,378.67115,26263706.0945185,0
2026-03-22 05:00:00,69358.0,69358.0,69150.0,69153.41,322.14134,2026-03-22 05:59:59.999,22300123.3676617,69460,120.08091,8311424.6375514,0
2026-03-22 06:00:00,69153.41,69245.79,69059.87,69164.06,378.08519,2026-03-22 06:59:59.999,26142665.6098258,71456,173.24622,11978537.5824781,0
2026-03-22 07:00:00,69164.06,69250.08,68892.93,68919.38,432.94301,2026-03-22 07:59:59.999,29913547.40772,88187,187.53801,12959695.4787893,0
2026-03-22 08:00:00,68919.37,68990.67,68523.96,68804.77,1053.77702,2026-03-22 08:59:59.999,72448197.0630733,151020,411.86597,28323106.7918874,0
2026-03-22 09:00:00,68804.77,68901.65,68587.78,68826.2,383.82763,2026-03-22 09:59:59.999,26392580.3100595,101810,186.07681,12796875.3791612,0
2026-03-22 10:00:00,68826.21,68847.83,68584.27,68648.17,360.03346,2026-03-22 10:59:59.999,24736844.4503235,83416,185.92382,12772897.3472235,0
2026-03-22 11:00:00,68648.16,68691.03,68110.55,68217.95,784.4316,2026-03-22 11:59:59.999,53643521.3441214,161951,361.78492,24743723.1474894,0
2026-03-22 12:00:00,68217.94,68763.18,68199.04,68654.83,484.243,2026-03-22 12:59:59.999,33167690.1516101,137952,314.90531,21566881.8126425,0
2026-03-22 13:00:00,68654.83,68957.24,68548.32,68700.02,548.07349,2026-03-22 13:59:59.999,37687958.9033296,120737,306.87403,21101715.1945945,0
2026-03-22 14:00:00,68700.02,68915.27,68542.1,68711.66,385.54476,2026-03-22 14:59:59.999,26501930.1461422,113564,201.1362,13826561.6336786,0
2026-03-22 15:00:00,68711.66,69005.71,68700.0,68847.96,391.17296,2026-03-22 15:59:59.999,26931920.972406,105167,225.94324,15559377.0436996,0
2026-03-22 16:00:00,68847.97,68885.53,68665.62,68805.58,258.25035,2026-03-22 16:59:59.999,17758720.8148598,66985,128.42687,8831271.9330034,0
2026-03-22 17:00:00,68805.58,68848.32,68665.34,68673.02,252.16281,2026-03-22 17:59:59.999,17337039.1028039,68536,84.97551,5843691.7202469,0
2026-03-22 18:00:00,68672.85,68743.18,68344.57,68618.58,340.01718,2026-03-22 18:59:59.999,23311468.182903,87870,134.64772,9232220.0058332,0
2026-03-22 19:00:00,68618.57,68626.07,68145.01,68199.93,472.99305,2026-03-22 19:59:59.999,32325243.9586865,99026,157.82885,10784369.4962822,0
2026-03-22 20:00:00,68199.93,68498.4,68080.0,68176.46,319.53245,2026-03-22 20:59:59.999,21820024.6954655,107966,153.24118,10466142.8476257,0
2026-03-22 21:00:00,68176.47,68228.71,67360.66,67899.97,1535.47353,2026-03-22 21:59:59.999,104013959.1378057,295974,662.10631,44847997.0422109,0
2026-03-22 22:00:00,67899.97,68396.94,67571.67,68339.37,856.561,2026-03-22 22:59:59.999,58308016.2851174,283518,519.24353,35339852.4523122,0
2026-03-22 23:00:00,68339.38,68474.0,67839.99,67859.0,509.27627,2026-03-22 23:59:59.999,34694070.258332,187933,248.36207,16922177.6957389,0
2026-03-23 00:00:00,67859.0,68161.41,67445.18,67669.99,823.69218,2026-03-23 00:59:59.999,55883049.5501282,295600,419.87487,28494425.061676,0
2026-03-23 01:00:00,67670.0,68157.31,67536.01,67905.0,628.21786,2026-03-23 01:59:59.999,42680039.5446919,227841,309.02578,20994803.8254908,0
2026-03-23 02:00:00,67905.0,68400.0,67801.67,68320.72,627.90507,2026-03-23 02:59:59.999,42788203.2431608,173508,367.01686,25002480.5470148,0
2026-03-23 03:00:00,68320.72,68585.12,68059.88,68074.6,415.80047,2026-03-23 03:59:59.999,28383728.4971708,148043,191.92998,13101321.6890798,0
2026-03-23 04:00:00,68074.6,68550.0,68057.56,68541.0,486.61149,2026-03-23 04:59:59.999,33238892.4936148,104776,362.15043,24741089.7670708,0
2026-03-23 05:00:00,68541.0,68915.4,68541.0,68899.92,1162.54953,2026-03-23 05:59:59.999,79881933.7912627,187688,676.30235,46472773.6664655,0
2026-03-23 06:00:00,68899.92,68904.42,67698.86,67874.19,1218.88217,2026-03-23 06:59:59.999,83204700.8616866,261593,531.68844,36288055.9441299,0
2026-03-23 07:00:00,67874.2,68464.42,67502.48,68333.16,1946.35809,2026-03-23 07:59:59.999,132575275.2747228,302421,1133.44197,77223086.4238469,0
2026-03-23 08:00:00,68333.16,68696.91,68328.55,68434.26,1238.43118,2026-03-23 08:59:59.999,84871298.0112531,239004,598.10001,40987133.8806492,0
2026-03-23 09:00:00,68434.27,68471.11,67916.14,68334.01,382.31585,2026-03-23 09:59:59.999,26074091.5403326,182959,183.49295,12515020.8083014,0
2026-03-23 10:00:00,68334.01,68714.28,68299.82,68551.02,494.85509,2026-03-23 10:59:59.999,33884192.7179699,172107,302.62361,20717092.1677315,0
2026-03-23 11:00:00,68551.02,71499.0,68544.15,70122.15,7050.35572,2026-03-23 11:59:59.999,497532188.0501147,913738,3582.17996,252760939.83489513,0
2026-03-23 12:00:00,70122.15,70877.35,69671.95,70752.15,1915.66623,2026-03-23 12:59:59.999,134656253.9430293,525908,1115.70217,78440938.7115986,0
2026-03-23 13:00:00,70752.14,71587.98,70600.0,71481.13,1712.52184,2026-03-23 13:59:59.999,121717067.7468882,563242,912.92681,64909742.1349556,0
2026-03-23 14:00:00,71481.13,71817.09,71127.14,71446.46,1663.17727,2026-03-23 14:59:59.999,118909727.8088089,485299,775.81507,55469926.0671184,0
2026-03-23 15:00:00,71446.46,71660.01,70103.21,70131.48,2051.70929,2026-03-23 15:59:59.999,145102024.6338804,380522,823.63501,58256071.5605457,0
2026-03-23 16:00:00,70131.48,70753.43,70131.47,70561.54,1367.86918,2026-03-23 16:59:59.999,96293308.7852247,395790,668.43418,47055017.9086344,0
2026-03-23 17:00:00,70561.54,71119.09,70363.63,71085.16,673.70407,2026-03-23 17:59:59.999,47696237.2137471,243080,372.59124,26383598.8048395,0
2026-03-23 18:00:00,71085.16,71195.21,70879.85,71076.22,593.89042,2026-03-23 18:59:59.999,42182922.3566825,191543,299.40421,21269560.1358968,0
2026-03-23 19:00:00,71076.22,71246.01,70649.4,70679.05,615.8582,2026-03-23 19:59:59.999,43704405.6896299,142253,345.03172,24497526.2773321,0
2026-03-23 20:00:00,70679.04,70983.33,70559.03,70915.59,394.04509,2026-03-23 20:59:59.999,27895155.7133032,88010,237.74674,16833322.7704563,0
2026-03-23 21:00:00,70915.59,70998.0,70827.66,70851.35,222.54858,2026-03-23 21:59:59.999,15783456.4016996,61694,111.34205,7896258.6138043,0
2026-03-23 22:00:00,70851.36,70896.76,70520.22,70780.22,279.983,2026-03-23 22:59:59.999,19787285.5635812,106672,124.72015,8815077.4577914,0
2026-03-23 23:00:00,70780.22,70998.0,70404.39,70906.45,368.14332,2026-03-23 23:59:59.999,26029729.7991102,116439,195.79574,13845511.3964569,0
2026-03-24 00:00:00,70906.45,71099.96,70423.36,70679.2,735.8297,2026-03-24 00:59:59.999,52063466.7972113,179012,348.91554,24696127.8710482,0
2026-03-24 01:00:00,70679.2,70891.53,70278.46,70516.57,730.30371,2026-03-24 01:59:59.999,51552200.8812983,152627,308.74452,21816620.7817592,0
2026-03-24 02:00:00,70516.57,70698.0,70369.46,70453.37,431.98798,2026-03-24 02:59:59.999,30466918.5198214,128346,205.69315,14508573.5049276,0
2026-03-24 03:00:00,70453.38,70583.36,70404.54,70542.9,380.97532,2026-03-24 03:59:59.999,26853045.4181122,97350,172.38846,12150363.6186865,0
2026-03-24 04:00:00,70542.9,70741.64,70247.91,70372.44,474.91642,2026-03-24 04:59:59.999,33468232.6465762,107640,175.45645,12371213.0628466,0
2026-03-24 05:00:00,70372.45,70374.38,70119.06,70283.85,641.69358,2026-03-24 05:59:59.999,45070852.1777721,119949,266.09114,18688182.3223497,0
2026-03-24 06:00:00,70283.84,70572.83,70253.23,70541.38,850.05748,2026-03-24 06:59:59.999,59847193.0241473,108110,378.02709,26619988.5759306,0
2026-03-24 07:00:00,70541.39,71400.0,70488.0,71291.7,1722.67702,2026-03-24 07:59:59.999,122202364.7720414,189414,887.04183,62925660.2913005,0
2026-03-24 08:00:00,71291.7,71349.1,70850.11,70964.15,725.27631,2026-03-24 08:59:59.999,51536886.8034741,138808,272.54121,19369114.7328218,0
2026-03-24 09:00:00,70964.16,71368.61,70851.77,71316.97,511.50447,2026-03-24 09:59:59.999,36378678.1720985,116743,281.85817,20044216.707058,0
2026-03-24 10:00:00,71316.98,71328.59,71078.09,71272.87,680.81546,2026-03-24 10:59:59.999,48487843.3837303,112622,342.16617,24367909.3386176,0
2026-03-24 11:00:00,71272.87,71327.26,70964.94,71157.77,560.33228,2026-03-24 11:59:59.999,39860053.2040581,136770,332.95753,23688403.8372548,0
2026-03-24 12:00:00,71157.77,71177.66,70860.18,70956.48,460.8181,2026-03-24 12:59:59.999,32706339.98693,124099,179.4111,12735276.0467451,0
2026-03-24 13:00:00,70956.48,71059.59,69968.02,70100.46,1729.62355,2026-03-24 13:59:59.999,121812661.2865382,345875,577.98892,40716365.1359618,0
2026-03-24 14:00:00,70100.46,70462.91,69507.34,69869.93,1973.02189,2026-03-24 14:59:59.999,137890893.5955135,430775,889.24156,62155540.4132767,0
2026-03-24 15:00:00,69869.93,70255.37,69770.85,69873.04,1419.67177,2026-03-24 15:59:59.999,99418672.6364159,298117,737.0458,51641483.9551931,0
2026-03-24 16:00:00,69873.04,70001.92,69340.08,69476.87,889.76128,2026-03-24 16:59:59.999,61969153.6234048,227733,363.29246,25312450.2842311,0
2026-03-24 17:00:00,69476.88,69512.73,68923.07,69238.43,1294.24297,2026-03-24 17:59:59.999,89493283.2408422,285284,596.57536,41258895.7118761,0
2026-03-24 18:00:00,69238.44,69746.4,69168.64,69430.24,808.06583,2026-03-24 18:59:59.999,56104059.1422348,188647,415.35515,28839523.9017511,0
2026-03-24 19:00:00,69430.25,69700.0,69277.04,69377.33,547.42601,2026-03-24 19:59:59.999,38041000.3137931,119554,291.68374,20271124.5992134,0
2026-03-24 20:00:00,69377.33,70295.54,69296.15,70093.19,1018.45154,2026-03-24 20:59:59.999,71265625.7702262,228994,614.78938,43017177.5597564,0
2026-03-24 21:00:00,70093.19,70400.0,69901.39,70332.93,686.65263,2026-03-24 21:59:59.999,48165041.6047448,120092,349.77796,24535457.4607182,0
2026-03-24 22:00:00,70332.93,70586.86,70140.5,70316.96,686.91503,2026-03-24 22:59:59.999,48341500.0978618,118774,301.35997,21206478.6072687,0
2026-03-24 23:00:00,70316.96,70832.54,70270.0,70556.74,741.40211,2026-03-24 23:59:59.999,52365262.111118,115993,443.44777,31317890.9743199,0
2026-03-25 00:00:00,70556.74,71100.28,70476.9,70840.75,784.33083,2026-03-25 00:59:59.999,55558208.5882136,134813,502.33008,35589394.2421477,0
2026-03-25 01:00:00,70840.75,70977.35,70629.72,70677.18,624.19197,2026-03-25 01:59:59.999,44180116.4216041,115626,260.26494,18421771.1374917,0
2026-03-25 02:00:00,70677.19,70781.39,70490.77,70531.09,582.86416,2026-03-25 02:59:59.999,41164058.803275,98739,250.20651,17675693.6599431,0
2026-03-25 03:00:00,70531.1,70808.37,70408.0,70716.7,513.15296,2026-03-25 03:59:59.999,36204302.0549294,97953,230.92617,16297850.4176786,0
2026-03-25 04:00:00,70716.7,70977.49,70703.83,70968.64,623.46021,2026-03-25 04:59:59.999,44155662.4616214,84444,328.28151,23248831.1160674,0
2026-03-25 05:00:00,70968.64,71345.0,70940.0,71117.66,850.19172,2026-03-25 05:59:59.999,60511179.891698,126750,450.52945,32062003.6599914,0
2026-03-25 06:00:00,71117.65,71260.0,70984.67,70991.83,934.75878,2026-03-25 06:59:59.999,66521455.9124621,92794,489.62896,34847125.8625538,0
2026-03-25 07:00:00,70991.82,71270.11,70891.31,70926.88,470.72474,2026-03-25 07:59:59.999,33448859.2927902,91663,178.64052,12696641.7981437,0
2026-03-25 08:00:00,70926.88,71503.94,70800.0,71248.39,1150.83138,2026-03-25 08:59:59.999,82017365.871218,161877,621.09047,44300954.397789,0
2026-03-25 09:00:00,71248.4,71415.12,71101.99,71345.91,598.42707,2026-03-25 09:59:59.999,42657853.0904566,102886,332.0932,23676487.5634605,0
2026-03-25 10:00:00,71345.91,71641.91,71291.69,71501.39,485.22161,2026-03-25 10:59:59.999,34669351.3219426,102655,272.39305,19462451.1319591,0
2026-03-25 11:00:00,71501.4,72026.09,71470.49,71678.97,1053.03231,2026-03-25 11:59:59.999,75596857.4576908,164755,618.72832,44432099.6635312,0
2026-03-25 12:00:00,71678.97,71955.17,71105.43,71715.24,1032.92186,2026-03-25 12:59:59.999,73855260.7315743,222476,450.96839,32261181.3068247,0
2026-03-25 13:00:00,71715.24,71963.71,71515.84,71581.42,982.27587,2026-03-25 13:59:59.999,70476068.3171078,243148,413.44611,29670465.1984803,0
2026-03-25 14:00:00,71581.42,71699.87,71230.51,71234.28,810.44092,2026-03-25 14:59:59.999,57880870.2172742,231368,324.78535,23196922.4671895,0
2026-03-25 15:00:00,71234.28,71301.37,70530.47,70832.99,1384.84596,2026-03-25 15:59:59.999,98160696.971697,253581,507.9965,36020902.7765495,0
2026-03-25 16:00:00,70832.99,71752.88,70719.26,71324.01,1283.82328,2026-03-25 16:59:59.999,91513901.339638,222753,764.53158,54489250.0078849,0
2026-03-25 17:00:00,71324.01,71389.14,70720.38,70779.0,662.98589,2026-03-25 17:59:59.999,47091422.0408755,167487,272.18968,19328124.748102,0
2026-03-25 18:00:00,70778.99,71149.07,70681.07,70810.34,535.29926,2026-03-25 18:59:59.999,37953343.5156165,140697,272.80668,19343915.7915837,0
2026-03-25 19:00:00,70810.34,71093.37,70777.51,70883.31,513.05944,2026-03-25 19:59:59.999,36388337.1284257,121601,296.15332,21004951.4509412,0
2026-03-25 20:00:00,70883.32,71058.82,70646.34,71009.5,573.58151,2026-03-25 20:59:59.999,40616848.8138354,80576,247.34199,17520071.9391309,0
2026-03-25 21:00:00,71009.5,71175.0,70949.3,71035.24,379.86408,2026-03-25 21:59:59.999,26982943.2591111,65254,190.79629,13551993.6643533,0
2026-03-25 22:00:00,71035.25,71594.11,70947.61,71369.08,505.87572,2026-03-25 22:59:59.999,36057415.5721548,95958,296.22366,21114970.4925136,0
2026-03-25 23:00:00,71369.07,71511.83,71189.55,71336.53,383.33913,2026-03-25 23:59:59.999,27355609.4642201,79048,247.42514,17660928.3978555,0
2026-03-26 00:00:00,71336.53,71436.82,71142.38,71299.27,548.42613,2026-03-26 00:59:59.999,39104605.4040857,95558,273.11276,19474834.9037584,0
2026-03-26 01:00:00,71299.27,71377.04,71159.06,71252.11,522.16838,2026-03-26 01:59:59.999,37223820.8180601,83536,375.67576,26781874.6991232,0
2026-03-26 02:00:00,71252.11,71289.49,70672.37,70893.01,575.89477,2026-03-26 02:59:59.999,40837477.7390018,102953,220.80328,15656551.8574577,0
2026-03-26 03:00:00,70893.01,70968.66,70685.69,70921.47,510.5495,2026-03-26 03:59:59.999,36176640.0043488,84615,233.7906,16567632.0073217,0
2026-03-26 04:00:00,70921.47,70921.47,70721.46,70772.01,433.11432,2026-03-26 04:59:59.999,30677604.4712489,60803,263.5761,18669337.1224783,0
2026-03-26 05:00:00,70772.01,70796.32,69942.96,70016.98,1271.74189,2026-03-26 05:59:59.999,89549585.6097037,175909,462.52382,32574705.2976096,0
2026-03-26 06:00:00,70016.97,70152.63,69855.73,70097.18,1016.19011,2026-03-26 06:59:59.999,71146726.9057406,132707,613.76021,42972143.0658442,0
2026-03-26 07:00:00,70097.19,70167.6,69805.0,70087.44,713.03812,2026-03-26 07:59:59.999,49930100.8309507,120638,315.36266,22081371.2289179,0
2026-03-26 08:00:00,70087.44,70127.69,69806.39,70024.77,510.82818,2026-03-26 08:59:59.999,35730304.350185,122097,303.56291,21229995.8664777,0
2026-03-26 09:00:00,70024.78,70144.44,69409.67,69562.41,1313.07806,2026-03-26 09:59:59.999,91548239.8968625,187473,627.71021,43778129.942523,0
2026-03-26 10:00:00,69562.41,69719.96,69464.58,69517.68,694.15594,2026-03-26 10:59:59.999,48291498.4726958,123128,314.68491,21892286.1169348,0
2026-03-26 11:00:00,69517.68,69667.56,69192.96,69276.01,803.66639,2026-03-26 11:59:59.999,55784918.9369499,149846,359.46347,24953912.4878862,0
2026-03-26 12:00:00,69276.01,69461.28,69226.34,69436.42,589.82378,2026-03-26 12:59:59.999,40910167.5791115,117973,288.21113,19990124.1608695,0
2026-03-26 13:00:00,69436.42,69877.45,69218.0,69646.59,1361.59869,2026-03-26 13:59:59.999,94707511.0644612,245803,742.39884,51644090.6401805,0
2026-03-26 14:00:00,69646.59,69837.12,69259.25,69479.92,943.35709,2026-03-26 14:59:59.999,65638763.1633221,272787,435.51104,30305509.9602947,0
2026-03-26 15:00:00,69479.91,69497.73,68632.4,69082.64,1805.07582,2026-03-26 15:59:59.999,124570284.8320538,317311,756.65647,52213606.4689263,0
2026-03-26 16:00:00,69082.64,69142.94,68823.21,68932.52,949.52674,2026-03-26 16:59:59.999,65491568.6477333,184122,446.24046,30784630.9943148,0
2026-03-26 17:00:00,68932.53,69162.0,68377.83,68486.86,1130.52816,2026-03-26 17:59:59.999,77738780.8089053,163517,428.06111,29438726.5520887,0
2026-03-26 18:00:00,68486.86,68603.75,68153.0,68497.25,1402.56662,2026-03-26 18:59:59.999,95839395.9863027,198126,682.93004,46667381.8747317,0
2026-03-26 19:00:00,68497.25,68681.54,68358.8,68534.36,543.97259,2026-03-26 19:59:59.999,37281727.1294322,118557,315.76288,21641325.1373245,0
2026-03-26 20:00:00,68534.37,69478.42,68436.74,69005.21,1707.65634,2026-03-26 20:59:59.999,118014525.0658019,234687,927.64174,64113784.7983131,0
2026-03-26 21:00:00,69005.21,69205.43,68879.05,68921.1,598.68777,2026-03-26 21:59:59.999,41310055.3888221,89758,296.01404,20424293.2903397,0
2026-03-26 22:00:00,68921.1,69028.89,68603.24,68892.67,484.39394,2026-03-26 22:59:59.999,33338713.3942318,126742,243.12046,16734711.5921404,0
2026-03-26 23:00:00,68892.66,68994.16,68640.0,68820.31,390.41835,2026-03-26 23:59:59.999,26856717.8398277,89056,189.81977,13059041.524263,0
2026-03-27 00:00:00,68820.31,68965.15,68531.37,68785.01,634.46014,2026-03-27 00:59:59.999,43637608.3544427,120554,337.06123,23183515.1907749,0
2026-03-27 01:00:00,68785.0,69066.51,68700.0,69051.27,555.05692,2026-03-27 01:59:59.999,38217927.5396928,81547,362.01475,24927982.1911717,0
2026-03-27 02:00:00,69051.27,69179.05,68862.0,68903.59,948.45642,2026-03-27 02:59:59.999,65424849.5074205,85960,447.90346,30893380.6453006,0
2026-03-27 03:00:00,68903.58,68924.0,68668.72,68767.51,576.98772,2026-03-27 03:59:59.999,39700779.0762339,83396,297.03494,20440046.0537805,0
2026-03-27 04:00:00,68767.5,68791.4,68304.14,68578.0,846.47748,2026-03-27 04:59:59.999,58002851.6621838,120439,433.95077,29737791.6181507,0
2026-03-27 05:00:00,68577.99,68865.88,68511.79,68630.77,773.74806,2026-03-27 05:59:59.999,53098355.2647939,91846,423.57139,29069582.1565183,0
2026-03-27 06:00:00,68630.76,68846.0,68567.62,68656.15,672.0882,2026-03-27 06:59:59.999,46206891.8915075,79741,330.01666,22690232.8694894,0
2026-03-27 07:00:00,68656.16,68955.53,68399.18,68540.48,1641.76445,2026-03-27 07:59:59.999,112737917.4746081,147192,855.73167,58773096.2172451,0
2026-03-27 08:00:00,68540.49,68635.07,67609.29,67920.5,1817.58289,2026-03-27 08:59:59.999,123695256.4747448,222657,878.24979,59788807.3966573,0
2026-03-27 09:00:00,67920.51,67960.32,67548.67,67695.81,812.25094,2026-03-27 09:59:59.999,55058671.9061617,140738,380.40689,25789667.8397551,0
2026-03-27 10:00:00,67695.81,67778.99,66326.38,66502.41,3012.9263,2026-03-27 10:59:59.999,201755480.00225633,359696,1447.77384,96932290.3816842,0
2026-03-27 11:00:00,66502.41,66848.05,66231.96,66702.78,1683.20205,2026-03-27 11:59:59.999,112095924.4102721,243482,792.42324,52783138.3430158,0
2026-03-27 12:00:00,66702.78,66773.25,66432.19,66619.76,964.55681,2026-03-27 12:59:59.999,64243646.3926425,159337,456.89131,30433974.6073118,0
2026-03-27 13:00:00,66619.75,66757.3,66025.0,66188.32,2427.72498,2026-03-27 13:59:59.999,161389872.5538502,335472,1283.79735,85394815.7182282,0
2026-03-27 14:00:00,66188.31,66404.0,65730.17,66205.06,2475.49917,2026-03-27 14:59:59.999,163380657.5230092,381936,1148.15296,75789486.3369771,0
2026-03-27 15:00:00,66205.07,66638.25,65958.75,66112.82,2405.26081,2026-03-27 15:59:59.999,159434669.5945759,299637,1340.55904,88858724.2481358,0
2026-03-27 16:00:00,66112.82,66177.99,65812.43,65979.29,1226.73521,2026-03-27 16:59:59.999,80892529.4927819,241633,603.29776,39782159.6350774,0
2026-03-27 17:00:00,65979.29,66290.0,65600.0,65632.92,1002.16119,2026-03-27 17:59:59.999,66069852.4948863,225333,473.59636,31238611.3131573,0
2026-03-27 18:00:00,65632.93,65951.96,65548.25,65836.69,915.82085,2026-03-27 18:59:59.999,60195917.0819668,206020,518.46382,34078521.4496006,0
2026-03-27 19:00:00,65836.69,66145.0,65700.0,66040.66,818.3401,2026-03-27 19:59:59.999,53961395.7582735,184532,502.27018,33124195.0789006,0
2026-03-27 20:00:00,66040.65,66152.51,65817.44,66020.76,511.09525,2026-03-27 20:59:59.999,33733833.0046222,117420,216.38785,14282788.6730773,0
2026-03-27 21:00:00,66020.77,66186.01,66013.0,66098.0,636.71362,2026-03-27 21:59:59.999,42098659.4913608,83512,354.24693,23423579.4472757,0
2026-03-27 22:00:00,66098.0,66098.01,65920.0,66020.79,739.86415,2026-03-27 22:59:59.999,48839683.5491421,74328,438.24286,28926722.5954901,0
2026-03-27 23:00:00,66020.79,66420.75,65970.25,66407.28,504.92186,2026-03-27 23:59:59.999,33444992.2084835,72898,246.58348,16336916.2589055,0
2026-03-28 00:00:00,66407.28,66520.46,66293.35,66431.55,499.89072,2026-03-28 00:59:59.999,33198383.730597,86952,253.9901,16866744.1428729,0
2026-03-28 01:00:00,66431.54,66431.55,66056.09,66178.85,613.17173,2026-03-28 01:59:59.999,40598062.6269425,81732,274.16418,18146036.7472719,0
2026-03-28 02:00:00,66178.86,66251.67,65932.09,66053.2,490.39923,2026-03-28 02:59:59.999,32405564.6118552,81892,158.48619,10471709.9748937,0
2026-03-28 03:00:00,66053.2,66259.66,66053.19,66240.0,705.96536,2026-03-28 03:59:59.999,46727833.3114588,59126,398.86219,26402259.034743,0
2026-03-28 04:00:00,66240.0,66304.72,66110.0,66285.01,452.84284,2026-03-28 04:59:59.999,29999288.3655405,54008,267.49518,17722645.0493026,0
2026-03-28 05:00:00,66285.01,66407.96,66202.01,66341.9,675.62625,2026-03-28 05:59:59.999,44802651.6800922,58286,308.16006,20434087.5255483,0
2026-03-28 06:00:00,66341.9,66500.0,66308.93,66382.0,485.97016,2026-03-28 06:59:59.999,32279881.0860826,61628,239.8213,15932664.0608251,0
2026-03-28 07:00:00,66382.0,66573.61,66379.8,66561.48,737.38217,2026-03-28 07:59:59.999,49008730.428092,55289,528.61544,35132294.9725147,0
2026-03-28 08:00:00,66561.49,66570.09,66387.06,66409.33,708.34892,2026-03-28 08:59:59.999,47109348.1309685,58942,309.31577,20571372.9026546,0
2026-03-28 09:00:00,66409.34,66416.77,66243.01,66311.32,634.09125,2026-03-28 09:59:59.999,42060968.7121983,66035,169.54262,11247552.7255679,0
2026-03-28 10:00:00,66311.32,66411.79,66124.4,66221.38,306.12343,2026-03-28 10:59:59.999,20270327.1142973,55392,106.70232,7067965.9730544,0
2026-03-28 11:00:00,66221.37,66358.0,66201.91,66319.47,223.42305,2026-03-28 11:59:59.999,14811128.8899323,39646,125.7498,8336416.1497927,0
2026-03-28 12:00:00,66319.46,66527.01,66240.87,66455.09,344.10648,2026-03-28 12:59:59.999,22849246.7783519,58182,179.04094,11891456.9515885,0
2026-03-28 13:00:00,66455.1,67163.99,66407.65,66835.1,1040.57902,2026-03-28 13:59:59.999,69551960.5547073,152404,624.10109,41711212.0715703,0
2026-03-28 14:00:00,66835.1,66967.01,66666.66,66742.1,570.49869,2026-03-28 14:59:59.999,38117986.2450736,111938,321.46897,21481176.4736688,0
2026-03-28 15:00:00,66742.09,67288.94,66717.15,67014.91,771.68723,2026-03-28 15:59:59.999,51762619.7564043,123867,426.80379,28630215.4791387,0
2026-03-28 16:00:00,67014.92,67096.77,66855.24,66926.95,342.70522,2026-03-28 16:59:59.999,22957664.8079884,81526,163.81057,10973430.335201,0
2026-03-28 17:00:00,66926.94,66996.61,66704.0,66846.21,310.89662,2026-03-28 17:59:59.999,20778271.0380704,73845,123.03056,8222725.6856765,0
2026-03-28 18:00:00,66846.2,66963.51,66834.87,66908.03,234.04169,2026-03-28 18:59:59.999,15658519.1993732,51292,139.67782,9345477.7166975,0
2026-03-28 19:00:00,66908.03,66954.0,66804.71,66916.52,202.96743,2026-03-28 19:59:59.999,13572206.7652295,38464,116.55076,7793627.0633172,0
2026-03-28 20:00:00,66916.52,67010.0,66906.0,66906.0,262.72665,2026-03-28 20:59:59.999,17588464.2019754,45447,107.16677,7175802.5201768,0
2026-03-28 21:00:00,66906.0,66926.31,66600.01,66685.53,291.07026,2026-03-28 21:59:59.999,19443582.6751462,59678,175.66351,11735449.6849574,0
2026-03-28 22:00:00,66685.53,66788.88,66588.22,66755.88,224.47432,2026-03-28 22:59:59.999,14971273.6685652,50568,104.16716,6949577.7965826,0
2026-03-28 23:00:00,66755.88,66755.88,66283.38,66377.03,333.40975,2026-03-28 23:59:59.999,22152291.0681179,81229,130.65415,8679511.1862317,0
2026-03-29 00:00:00,66377.04,66500.0,66281.4,66487.93,285.17232,2026-03-29 00:59:59.999,18940104.9482078,82249,126.84241,8424578.8274915,0
2026-03-29 01:00:00,66487.93,66620.0,66385.88,66569.22,295.19169,2026-03-29 01:59:59.999,19638233.7443378,81651,162.49466,10810788.0542141,0
2026-03-29 02:00:00,66569.22,66843.66,66540.96,66818.0,293.83335,2026-03-29 02:59:59.999,19596896.2045665,66072,197.94022,13202105.6232033,0
2026-03-29 03:00:00,66818.01,67130.5,66760.48,66912.0,660.9466,2026-03-29 03:59:59.999,44197998.4901122,84748,329.17045,22016104.1518785,0
2026-03-29 04:00:00,66912.0,66936.6,66717.51,66735.14,168.5724,2026-03-29 04:59:59.999,11266114.9948732,46319,58.55915,3913497.8402901,0
2026-03-29 05:00:00,66735.14,66828.05,66597.1,66771.94,418.44564,2026-03-29 05:59:59.999,27908273.4399675,62496,243.37547,16232661.8625879,0
2026-03-29 06:00:00,66771.94,66872.0,66636.0,66738.5,418.74617,2026-03-29 06:59:59.999,27951565.1383739,55633,149.6816,9990325.5598494,0
2026-03-29 07:00:00,66738.5,66752.61,66556.78,66671.0,346.10727,2026-03-29 07:59:59.999,23069578.6443946,55863,199.10967,13272503.2019249,0
2026-03-29 08:00:00,66671.0,66772.83,66600.0,66724.0,177.06023,2026-03-29 08:59:59.999,11809344.0703873,47081,84.54094,5638791.5994748,0
2026-03-29 09:00:00,66724.0,66773.02,66549.54,66634.01,225.04256,2026-03-29 09:59:59.999,14999460.6878889,56907,108.63086,7239577.4912754,0
2026-03-29 10:00:00,66634.01,66634.02,66418.0,66502.79,345.865,2026-03-29 10:59:59.999,23003006.5656078,73703,122.78482,8165965.8776251,0
2026-03-29 11:00:00,66502.8,66988.01,66502.79,66816.28,336.66276,2026-03-29 11:59:59.999,22490938.6909086,90165,197.28348,13178206.8928725,0
2026-03-29 12:00:00,66816.29,66870.34,66703.07,66849.88,185.85649,2026-03-29 12:59:59.999,12412904.9106954,53525,95.03955,6347672.5387259,0
2026-03-29 13:00:00,66849.88,66875.24,66524.28,66580.36,359.5639,2026-03-29 13:59:59.999,23967113.0704231,89576,164.7036,10980759.96393,0
2026-03-29 14:00:00,66580.36,66797.01,66461.0,66589.64,372.89659,2026-03-29 14:59:59.999,24825800.4770218,96230,173.48873,11550874.0340692,0
2026-03-29 15:00:00,66589.64,66730.6,66334.37,66523.0,518.27098,2026-03-29 15:59:59.999,34458876.4049745,100232,306.15063,20351170.213206,0
2026-03-29 16:00:00,66523.01,66665.05,66435.75,66499.35,232.56305,2026-03-29 16:59:59.999,15477285.4001427,87108,108.5335,7223766.5758642,0
2026-03-29 17:00:00,66499.36,66546.0,66158.26,66385.84,329.15631,2026-03-29 17:59:59.999,21833050.0797072,82544,132.67343,8801351.4079765,0
2026-03-29 18:00:00,66385.84,66540.43,66321.66,66427.26,147.43013,2026-03-29 18:59:59.999,9792814.7644167,51700,67.75683,4500521.8685497,0
2026-03-29 19:00:00,66427.27,66477.81,66323.3,66348.62,285.67371,2026-03-29 19:59:59.999,18971928.2189496,47271,122.71443,8150127.1112679,0
2026-03-29 20:00:00,66348.61,66793.83,66348.61,66614.05,280.05501,2026-03-29 20:59:59.999,18652992.2824903,58968,180.66258,12032143.9392656,0
2026-03-29 21:00:00,66614.04,66756.51,66509.41,66710.12,220.10647,2026-03-29 21:59:59.999,14666917.3032423,52885,120.26873,8013792.4187422,0
2026-03-29 22:00:00,66710.12,66710.12,65000.0,65860.31,2219.11979,2026-03-29 22:59:59.999,145606882.1417393,353171,822.87419,53991856.6623388,0
2026-03-29 23:00:00,65860.31,66382.98,65859.91,66010.93,930.51742,2026-03-29 23:59:59.999,61465436.932558,270080,494.14839,32644953.6335634,0
2026-03-30 00:00:00,66010.93,67059.66,65800.59,66280.25,1328.87485,2026-03-30 00:59:59.999,88402491.3197013,387565,749.35114,49868470.8138567,0
2026-03-30 01:00:00,66280.24,66834.79,66280.24,66653.74,685.87133,2026-03-30 01:59:59.999,45674533.583272,192774,423.33421,28187763.8675941,0
2026-03-30 02:00:00,66653.74,67450.0,66580.01,67121.01,1220.60217,2026-03-30 02:59:59.999,81805777.5871989,219056,659.48037,44204253.2890135,0
2026-03-30 03:00:00,67121.01,67319.33,66977.62,67173.8,466.26604,2026-03-30 03:59:59.999,31308868.6122205,153126,246.45355,16550547.6491157,0
2026-03-30 04:00:00,67173.8,67650.01,67167.92,67616.29,809.57231,2026-03-30 04:59:59.999,54608345.1839001,162626,450.76391,30405399.7704679,0
2026-03-30 05:00:00,67616.28,67800.0,67442.0,67492.46,627.15632,2026-03-30 05:59:59.999,42407043.3575564,137903,336.04717,22721900.3690158,0
2026-03-30 06:00:00,67492.46,67585.97,67278.53,67305.14,721.7835,2026-03-30 06:59:59.999,48625206.8094241,114040,314.70465,21201650.0425046,0
2026-03-30 07:00:00,67305.14,67624.39,67227.88,67624.39,584.47106,2026-03-30 07:59:59.999,39388711.2827653,111767,322.58642,21745220.1961121,0
2026-03-30 08:00:00,67624.39,67946.02,67604.56,67666.44,1729.15176,2026-03-30 08:59:59.999,117207953.1949365,156355,790.15228,53573851.2768667,0
2026-03-30 09:00:00,67666.44,67698.62,67460.0,67495.46,607.44273,2026-03-30 09:59:59.999,41049251.4272901,90232,242.1958,16364397.9951424,0
2026-03-30 10:00:00,67495.46,67518.37,67360.41,67488.53,255.63666,2026-03-30 10:59:59.999,17240420.9847533,66480,106.0682,7153604.8766007,0
2026-03-30 11:00:00,67488.88,68042.3,67488.88,67680.45,790.86208,2026-03-30 11:59:59.999,53545353.6634445,159590,389.43944,26377977.2725387,0
2026-03-30 12:00:00,67680.44,67979.93,67666.17,67899.59,627.65449,2026-03-30 12:59:59.999,42602883.9370498,141000,375.02544,25455834.6873986,0
2026-03-30 13:00:00,67899.59,68169.65,67428.57,67529.52,1379.99177,2026-03-30 13:59:59.999,93664794.0440338,251500,527.42492,35808167.7057868,0
2026-03-30 14:00:00,67529.52,67864.49,67088.73,67799.54,1205.57197,2026-03-30 14:59:59.999,81266034.6562651,286048,568.28367,38323396.4732342,0
2026-03-30 15:00:00,67799.54,67896.89,67407.63,67629.4,964.70473,2026-03-30 15:59:59.999,65275371.152185,206064,477.0559,32282253.6397717,0
2026-03-30 16:00:00,67629.4,67641.65,67222.0,67368.1,660.26793,2026-03-30 16:59:59.999,44495882.453708,167931,340.22315,22931018.9573053,0
2026-03-30 17:00:00,67368.1,67465.2,66650.0,66828.02,917.71373,2026-03-30 17:59:59.999,61464310.6972598,202805,392.80381,26302133.1341011,0
2026-03-30 18:00:00,66828.02,66929.18,66508.25,66653.46,498.11738,2026-03-30 18:59:59.999,33224348.7577509,131192,231.61494,15450459.5365688,0
2026-03-30 19:00:00,66653.45,66664.57,66233.13,66550.05,597.89786,2026-03-30 19:59:59.999,39708455.6199538,174554,264.65959,17577067.9072773,0
2026-03-30 20:00:00,66550.06,66691.48,66523.75,66651.4,324.61202,2026-03-30 20:59:59.999,21626734.1375042,97052,186.60819,12432587.3377993,0
2026-03-30 21:00:00,66651.41,66994.17,66587.32,66809.3,481.422,2026-03-30 21:59:59.999,32176094.0565828,103837,300.52215,20086689.4228647,0
2026-03-30 22:00:00,66809.3,66989.1,66683.72,66784.98,169.50316,2026-03-30 22:59:59.999,11323907.0106627,84983,88.94477,5942175.3968969,0
2026-03-30 23:00:00,66784.97,66797.38,66419.79,66797.37,698.2419,2026-03-30 23:59:59.999,46524917.3626563,104369,372.17526,24801157.2335473,0
2026-03-31 00:00:00,66797.38,67303.33,66544.51,67208.75,658.94529,2026-03-31 00:59:59.999,44099695.9580205,191088,393.59593,26337297.1846273,0
2026-03-31 01:00:00,67208.74,68408.37,67050.0,67938.54,1458.05548,2026-03-31 01:59:59.999,99050575.1001929,292849,873.1389,59302635.7780983,0
2026-03-31 02:00:00,67938.05,68096.87,67775.18,67943.43,435.18783,2026-03-31 02:59:59.999,29578428.1853737,128083,208.78517,14193436.6979327,0
2026-03-31 03:00:00,67943.43,68009.99,67648.2,67704.74,387.87365,2026-03-31 03:59:59.999,26289906.1824811,105922,146.71679,9947468.1942758,0
2026-03-31 04:00:00,67704.74,67979.38,67405.89,67544.01,1149.88888,2026-03-31 04:59:59.999,77791058.6014799,123939,414.63081,28072242.5628493,0
2026-03-31 05:00:00,67544.01,67780.34,67400.0,67681.68,653.43122,2026-03-31 05:59:59.999,44182442.3272217,133582,376.73227,25475279.7217283,0
2026-03-31 06:00:00,67681.69,67711.02,67333.33,67492.85,511.27605,2026-03-31 06:59:59.999,34498903.0179359,121493,217.23934,14658196.1588734,0
2026-03-31 07:00:00,67492.86,67524.65,67103.32,67367.69,1579.98188,2026-03-31 07:59:59.999,106359970.3788738,145622,605.41659,40752722.8381393,0
2026-03-31 08:00:00,67367.7,67496.0,66688.68,66778.33,897.84489,2026-03-31 08:59:59.999,60236165.7141717,174041,260.15629,17440128.5051505,0
2026-03-31 09:00:00,66778.34,66924.33,65998.05,66124.99,1512.48446,2026-03-31 09:59:59.999,100534455.6949861,239700,619.46699,41195786.6725227,0
2026-03-31 10:00:00,66125.0,66471.08,66100.01,66363.38,788.27557,2026-03-31 10:59:59.999,52286554.1690158,145303,446.23322,29600794.3637268,0
2026-03-31 11:00:00,66363.38,66922.58,66240.14,66685.69,989.3859,2026-03-31 11:59:59.999,65932634.0742225,203458,585.61079,39041757.436585,0
2026-03-31 12:00:00,66685.69,66939.9,66520.71,66653.26,539.00678,2026-03-31 12:59:59.999,35968795.4261587,164024,249.72259,16669203.4198099,0
2026-03-31 13:00:00,66653.27,67412.11,66653.27,67302.29,1087.22021,2026-03-31 13:59:59.999,72908698.1179671,258227,516.73142,34659481.9590159,0
2026-03-31 14:00:00,67302.28,67767.87,66427.53,66587.45,1485.37387,2026-03-31 14:59:59.999,99828835.8254467,390117,615.24153,41366461.5220315,0
2026-03-31 15:00:00,66587.46,67283.25,66587.46,66736.8,1025.58837,2026-03-31 15:59:59.999,68683924.1528299,312283,471.74334,31592794.2434492,0
2026-03-31 16:00:00,66736.79,68030.19,66729.28,67665.83,1334.03651,2026-03-31 16:59:59.999,90073634.2336934,426038,791.73792,53466071.564717,0
2026-03-31 17:00:00,67665.83,68589.49,67403.81,67526.75,2195.81331,2026-03-31 17:59:59.999,149343648.7611285,448962,1202.7266,81809747.0254292,0
2026-03-31 18:00:00,67526.76,67947.98,67526.3,67854.05,426.40012,2026-03-31 18:59:59.999,28895375.3828124,185882,239.23889,16210906.2690055,0
2026-03-31 19:00:00,67854.04,68029.41,67716.35,67838.8,435.2447,2026-03-31 19:59:59.999,29547211.8770696,175714,226.51613,15378912.2771578,0
2026-03-31 20:00:00,67838.79,68267.27,67831.7,68265.53,693.06575,2026-03-31 20:59:59.999,47172293.0502389,124089,410.82614,27963636.2315832,0
2026-03-31 21:00:00,68265.53,68410.3,67884.0,68277.99,494.48096,2026-03-31 21:59:59.999,33688500.9399479,141839,250.24542,17052115.0575351,0
2026-03-31 22:00:00,68278.0,68341.16,67962.27,68172.87,755.55219,2026-03-31 22:59:59.999,51503495.3587956,117127,264.2852,18016406.727743,0
2026-03-31 23:00:00,68173.59,68371.1,68090.2,68284.48,610.99275,2026-03-31 23:59:59.999,41713284.9248103,97438,339.44435,23175210.3547752,0
2026-04-01 00:00:00,68284.49,68343.77,67853.3,68330.75,542.79511,2026-04-01 00:59:59.999,36964428.9306149,141298,252.65587,17213688.1801608,0
2026-04-01 01:00:00,68330.76,68378.64,67760.33,67782.73,966.68117,2026-04-01 01:59:59.999,65737891.7454296,152219,451.41432,30707390.3215428,0
2026-04-01 02:00:00,67782.74,67913.98,67578.75,67668.89,1114.17912,2026-04-01 02:59:59.999,75488162.1317747,130482,649.1144,43985748.9775553,0
2026-04-01 03:00:00,67668.9,68250.0,67668.9,68170.67,551.94514,2026-04-01 03:59:59.999,37558350.2655191,120855,349.53131,23783777.9993857,0
2026-04-01 04:00:00,68170.67,68476.26,68005.33,68303.83,711.87735,2026-04-01 04:59:59.999,48535951.6071027,120404,337.8626,23046727.7834342,0
2026-04-01 05:00:00,68303.83,68755.51,68150.0,68456.02,817.4812,2026-04-01 05:59:59.999,55986817.2167996,158981,463.29679,31734140.7787802,0
2026-04-01 06:00:00,68456.01,69236.78,68456.01,69102.85,1241.29278,2026-04-01 06:59:59.999,85573484.958869,202557,713.59364,49186265.9771993,0
2026-04-01 07:00:00,69102.8,69310.0,68667.02,68692.0,1537.595,2026-04-01 07:59:59.999,105998400.753271,167297,705.9163,48676245.4956716,0
2026-04-01 08:00:00,68692.0,68851.35,68389.21,68670.16,1279.02403,2026-04-01 08:59:59.999,87770962.7043571,164398,646.66797,44385789.4887246,0
2026-04-01 09:00:00,68670.15,68733.78,68390.25,68644.0,480.44871,2026-04-01 09:59:59.999,32932448.5740685,132848,204.76908,14035233.5095063,0
2026-04-01 10:00:00,68644.01,68662.26,68407.08,68585.55,974.80784,2026-04-01 10:59:59.999,66814968.0801882,102851,540.2875,37043728.5333605,0
2026-04-01 11:00:00,68585.55,68736.15,68505.91,68712.52,752.56981,2026-04-01 11:59:59.999,51618577.0041597,95196,401.14208,27516179.9122743,0
2026-04-01 12:00:00,68712.52,68786.0,68248.3,68393.6,1365.22557,2026-04-01 12:59:59.999,93540401.2087322,194431,667.88113,45775769.6690316,0
2026-04-01 13:00:00,68393.6,68681.25,67918.83,68116.07,1032.06992,2026-04-01 13:59:59.999,70434739.2655751,277507,540.26179,36877380.3877019,0
2026-04-01 14:00:00,68116.06,68690.98,68059.38,68593.55,905.1708,2026-04-01 14:59:59.999,61909080.1570197,261893,500.73278,34248483.3296865,0
2026-04-01 15:00:00,68593.56,68965.0,68428.94,68918.52,789.38357,2026-04-01 15:59:59.999,54260261.722722,200302,463.37926,31862679.7415432,0
2026-04-01 16:00:00,68918.52,68986.66,68610.0,68816.34,705.16345,2026-04-01 16:59:59.999,48516428.7538847,176410,316.6493,21791070.1564072,0
2026-04-01 17:00:00,68816.35,69171.77,68247.17,68266.62,768.87563,2026-04-01 17:59:59.999,52768433.459938,204552,372.93641,25601608.6985094,0
2026-04-01 18:00:00,68266.62,68330.31,67939.28,68084.76,723.37275,2026-04-01 18:59:59.999,49263746.8414043,208686,326.20418,22218564.8957369,0
2026-04-01 19:00:00,68084.76,68287.39,68028.19,68176.84,412.79717,2026-04-01 19:59:59.999,28136244.5282347,129547,174.51165,11896068.0021552,0
2026-04-01 20:00:00,68176.84,68249.0,67964.48,68191.09,276.10606,2026-04-01 20:59:59.999,18805997.9891181,86847,136.35869,9287103.2507633,0
2026-04-01 21:00:00,68191.09,68534.0,68171.56,68362.53,326.52766,2026-04-01 21:59:59.999,22321978.93075,106122,167.57464,11455540.3568606,0
2026-04-01 22:00:00,68362.53,68362.53,68070.38,68122.99,270.47066,2026-04-01 22:59:59.999,18446321.3937662,113098,114.5839,7815403.2436669,0
2026-04-01 23:00:00,68122.99,68250.0,67996.89,68113.92,474.3294,2026-04-01 23:59:59.999,32324148.8512252,93129,205.17285,13981445.2372549,0
2026-04-02 00:00:00,68113.92,68653.38,68050.0,68600.29,409.1904,2026-04-02 00:59:59.999,27960256.8994137,136511,267.95482,18310801.0760432,0
2026-04-02 01:00:00,68600.29,68600.29,67050.84,67359.27,1944.08944,2026-04-02 01:59:59.999,131509479.5706229,491555,850.72002,57541378.8209099,0
2026-04-02 02:00:00,67359.27,67359.27,66624.64,66852.99,1169.08434,2026-04-02 02:59:59.999,78314042.4229072,250515,631.82594,42336621.6784685,0
2026-04-02 03:00:00,66852.99,66969.54,66500.0,66576.25,767.73135,2026-04-02 03:59:59.999,51211754.3419911,151127,367.59086,24524389.1710915,0
2026-04-02 04:00:00,66576.25,66655.46,66217.07,66330.27,889.41375,2026-04-02 04:59:59.999,59110679.9575994,139567,534.91115,35554007.8990021,0
2026-04-02 05:00:00,66330.27,66667.92,66311.0,66591.54,966.2787,2026-04-02 05:59:59.999,64230224.3449176,128712,472.50635,31415975.0216458,0
2026-04-02 06:00:00,66591.54,66824.95,66548.45,66681.49,493.29026,2026-04-02 06:59:59.999,32876884.9738252,106254,214.93046,14323889.502695,0
2026-04-02 07:00:00,66681.48,66961.26,66557.33,66930.79,645.82875,2026-04-02 07:59:59.999,43150864.6847726,115984,458.12166,30610762.8395984,0
2026-04-02 08:00:00,66930.79,66930.79,66180.0,66439.12,781.90752,2026-04-02 08:59:59.999,52046931.2295488,104427,295.15421,19663951.372939,0
2026-04-02 09:00:00,66439.12,66517.43,66294.0,66469.6,483.38047,2026-04-02 09:59:59.999,32106010.6129989,97061,230.23561,15293051.1494132,0
2026-04-02 10:00:00,66469.6,66511.79,66229.55,66457.28,452.52391,2026-04-02 10:59:59.999,30041576.8106871,104569,239.02508,15869856.3329213,0
2026-04-02 11:00:00,66457.28,66516.06,66167.1,66220.28,1122.63022,2026-04-02 11:59:59.999,74524370.5540361,132520,574.6457,38141550.52711,0
2026-04-02 12:00:00,66220.28,66248.51,65961.66,66052.71,1024.11018,2026-04-02 12:59:59.999,67692571.5923428,189417,509.61891,33695857.4678715,0
2026-04-02 13:00:00,66052.71,66285.81,65712.12,66270.87,1225.30288,2026-04-02 13:59:59.999,80872803.4766977,300566,678.86881,44817138.4881531,0
2026-04-02 14:00:00,66270.87,67104.86,66168.07,66868.18,1908.17735,2026-04-02 14:59:59.999,127203440.5669169,424868,1124.33232,74927260.7642599,0
2026-04-02 15:00:00,66868.17,66994.51,66646.36,66852.91,825.60342,2026-04-02 15:59:59.999,55170936.2290639,232042,414.68655,27715984.5540527,0
2026-04-02 16:00:00,66852.91,67300.0,66759.28,67095.85,920.46412,2026-04-02 16:59:59.999,61691443.8014926,223859,538.5715,36093044.7355741,0
2026-04-02 17:00:00,67095.85,67430.99,66666.66,66679.16,1455.89824,2026-04-02 17:59:59.999,97664163.2228845,205313,447.60909,30044616.3400027,0
2026-04-02 18:00:00,66679.16,67065.35,66596.8,66981.99,929.27922,2026-04-02 18:59:59.999,62035411.1880985,211669,343.15033,22921113.6844608,0
2026-04-02 19:00:00,66981.99,67109.09,66878.0,66975.99,436.15774,2026-04-02 19:59:59.999,29226624.759629,140367,239.10722,16023205.1549733,0
2026-04-02 20:00:00,66976.0,67100.0,66798.0,66939.25,284.18038,2026-04-02 20:59:59.999,19026306.0615635,76199,132.33454,8860931.5671873,0
2026-04-02 21:00:00,66939.25,67012.09,66731.08,66935.93,272.54969,2026-04-02 21:59:59.999,18223681.1601734,73662,106.42405,7115876.7217852,0
2026-04-02 22:00:00,66935.94,67037.48,66825.61,66982.48,352.22156,2026-04-02 22:59:59.999,23588882.137687,77612,180.65906,12097774.790509,0
2026-04-02 23:00:00,66982.48,67096.68,66855.5,66901.99,444.18527,2026-04-02 23:59:59.999,29744120.9271868,74757,237.67196,15916424.215083,0
2026-04-03 00:00:00,66901.99,67000.0,66702.83,66785.86,388.08477,2026-04-03 00:59:59.999,25935623.7535103,84936,165.4657,11058640.5917199,0
2026-04-03 01:00:00,66785.87,66905.61,66483.9,66630.0,613.9141,2026-04-03 01:59:59.999,40946214.4364985,106738,282.79126,18860795.0597725,0
2026-04-03 02:00:00,66630.01,66750.57,66282.0,66533.81,625.3621,2026-04-03 02:59:59.999,41574456.1341575,142176,265.62143,17655795.5063482,0
2026-04-03 03:00:00,66533.82,66724.17,66495.69,66579.97,581.20992,2026-04-03 03:59:59.999,38709710.2139464,95482,289.35481,19270986.0509267,0
2026-04-03 04:00:00,66579.98,66699.99,66500.04,66602.66,733.15532,2026-04-03 04:59:59.999,48823592.0199028,98051,353.43585,23531979.6985104,0
2026-04-03 05:00:00,66602.67,66808.5,66416.68,66600.35,822.39566,2026-04-03 05:59:59.999,54784775.9068064,112026,226.30285,15077691.9131636,0
2026-04-03 06:00:00,66600.35,66800.0,66558.76,66796.79,434.2967,2026-04-03 06:59:59.999,28967794.3740112,92265,218.93431,14603173.8567064,0
2026-04-03 07:00:00,66796.8,67247.38,66758.0,67042.08,883.37731,2026-04-03 07:59:59.999,59166675.1376195,131573,440.57361,29506656.0486453,0
2026-04-03 08:00:00,67042.08,67288.0,66900.56,66965.39,717.16964,2026-04-03 08:59:59.999,48130283.1961883,101673,354.84497,23815803.8597673,0
2026-04-03 09:00:00,66965.39,67007.93,66749.35,66859.58,291.40037,2026-04-03 09:59:59.999,19483732.4784388,68855,108.40447,7247893.3629418,0
2026-04-03 10:00:00,66859.58,66898.97,66674.72,66883.08,215.33139,2026-04-03 10:59:59.999,14386863.8408494,75036,117.89695,7878133.70145,0
2026-04-03 11:00:00,66883.09,67057.42,66823.18,67017.44,215.91455,2026-04-03 11:59:59.999,14454508.9743867,76742,123.28272,8253169.5182783,0
2026-04-03 12:00:00,67017.43,67370.42,66646.36,66722.16,808.01051,2026-04-03 12:59:59.999,54115822.8876222,157562,435.16358,29144311.3246907,0
2026-04-03 13:00:00,66722.16,66735.62,66508.1,66672.0,554.93399,2026-04-03 13:59:59.999,36981654.8806926,127436,292.42388,19488071.7109217,0
2026-04-03 14:00:00,66671.99,66990.59,66634.0,66929.81,530.03077,2026-04-03 14:59:59.999,35422476.1435293,103850,336.43042,22481665.8792321,0
2026-04-03 15:00:00,66929.8,67028.37,66823.3,66827.15,465.79672,2026-04-03 15:59:59.999,31158451.4968507,78884,212.28521,14202411.8088605,0
2026-04-03 16:00:00,66827.15,67069.0,66827.14,67010.46,361.0645,2026-04-03 16:59:59.999,24175580.0670441,67747,243.92393,16333935.229575,0
2026-04-03 17:00:00,67010.45,67067.0,66751.86,66855.01,378.12395,2026-04-03 17:59:59.999,25298850.9090256,64720,182.36531,12204479.3416854,0
2026-04-03 18:00:00,66855.0,66930.0,66786.12,66812.03,187.13591,2026-04-03 18:59:59.999,12512991.277074,41096,69.93927,4675875.0321898,0
2026-04-03 19:00:00,66812.04,66911.19,66774.02,66885.74,289.39585,2026-04-03 19:59:59.999,19332643.9131965,37983,86.04754,5748974.5758708,0
2026-04-03 20:00:00,66885.73,66919.61,66831.97,66831.98,141.97965,2026-04-03 20:59:59.999,9496075.2973281,30452,65.08233,4352865.4597574,0
2026-04-03 21:00:00,66831.97,66970.18,66827.6,66964.21,378.17654,2026-04-03 21:59:59.999,25300686.3529888,35905,213.06306,14253852.7759975,0
2026-04-03 22:00:00,66964.21,66970.17,66842.76,66888.76,287.42422,2026-04-03 22:59:59.999,19230971.6456241,50198,139.73008,9348282.8526881,0
2026-04-03 23:00:00,66888.76,66964.3,66826.13,66964.3,525.44687,2026-04-03 23:59:59.999,35145171.6404963,41718,311.90634,20863964.1630183,0
2026-04-04 00:00:00,66964.29,66968.28,66876.7,66893.39,159.1028,2026-04-04 00:59:59.999,10646456.7809157,48299,55.35853,3704623.0445336,0
2026-04-04 01:00:00,66893.4,66924.48,66827.22,66852.0,418.46364,2026-04-04 01:59:59.999,27979725.7998668,50208,168.56955,11270213.1017986,0
2026-04-04 02:00:00,66852.0,66919.41,66814.0,66844.83,138.81793,2026-04-04 02:59:59.999,9278751.0044934,43550,68.62394,4586806.455615,0
2026-04-04 03:00:00,66844.84,66910.22,66830.23,66832.18,86.81929,2026-04-04 03:59:59.999,5804843.5622113,41431,58.22716,3893158.7068164,0
2026-04-04 04:00:00,66832.18,66876.32,66775.91,66860.73,180.50471,2026-04-04 04:59:59.999,12065954.1423571,45240,105.69605,7065139.5967142,0
2026-04-04 05:00:00,66860.73,66936.72,66844.14,66916.29,629.01422,2026-04-04 05:59:59.999,42073019.1494836,61330,242.11409,16194125.589363,0
2026-04-04 06:00:00,66916.3,67049.94,66911.2,67013.24,254.32193,2026-04-04 06:59:59.999,17030959.8373373,46718,161.67315,10827193.6257346,0
2026-04-04 07:00:00,67013.25,67052.99,66943.34,67014.96,664.43952,2026-04-04 07:59:59.999,44509173.9875815,45651,351.36407,23535893.9223719,0
2026-04-04 08:00:00,67014.95,67057.42,66918.0,66940.0,398.19184,2026-04-04 08:59:59.999,26679760.8705408,54863,169.5269,11358433.0226275,0
2026-04-04 09:00:00,66940.0,66994.52,66918.0,66988.05,295.09328,2026-04-04 09:59:59.999,19762296.7824632,45087,152.33716,10202121.5054595,0
2026-04-04 10:00:00,66988.06,67167.0,66918.0,67167.0,290.85424,2026-04-04 10:59:59.999,19499760.769257,53835,174.44836,11697940.1222671,0
2026-04-04 11:00:00,67167.0,67232.72,67083.43,67156.93,363.18025,2026-04-04 11:59:59.999,24390097.9139399,59827,163.26317,10964906.1490888,0
2026-04-04 12:00:00,67156.93,67185.0,67060.56,67097.87,140.59027,2026-04-04 12:59:59.999,9434241.455243,53433,52.59715,3529866.5609007,0
2026-04-04 13:00:00,67097.87,67267.0,67082.41,67193.44,362.06124,2026-04-04 13:59:59.999,24313128.7387356,63814,212.43152,14266414.097515,0
2026-04-04 14:00:00,67193.45,67223.51,67029.07,67215.24,369.07128,2026-04-04 14:59:59.999,24783845.0230762,51789,177.04129,11889644.3656004,0
2026-04-04 15:00:00,67215.24,67562.93,67177.39,67383.66,635.57272,2026-04-04 15:59:59.999,42811516.8627011,118567,383.69492,25843709.0962131,0
2026-04-04 16:00:00,67383.66,67520.85,67331.06,67366.68,294.26452,2026-04-04 16:59:59.999,19839379.8167367,88918,166.54867,11228688.9746996,0
2026-04-04 17:00:00,67366.68,67416.48,67292.0,67329.4,254.01236,2026-04-04 17:59:59.999,17109581.7770476,61975,82.97374,5589083.3620537,0
2026-04-04 18:00:00,67329.41,67380.98,67265.0,67295.47,120.36154,2026-04-04 18:59:59.999,8102901.8491797,53003,56.78714,3823222.4212907,0
2026-04-04 19:00:00,67295.47,67543.6,67275.0,67288.42,189.77457,2026-04-04 19:59:59.999,12786944.7918861,82521,88.75017,5980796.7742032,0
2026-04-04 20:00:00,67288.42,67295.81,67186.62,67268.4,186.97188,2026-04-04 20:59:59.999,12575614.2014697,42773,71.37199,4800443.9087979,0
2026-04-04 21:00:00,67268.4,67504.54,67215.0,67359.2,238.4254,2026-04-04 21:59:59.999,16053722.6628571,44279,158.30254,10660330.1189143,0
2026-04-04 22:00:00,67359.21,67470.93,67341.19,67399.92,306.3388,2026-04-04 22:59:59.999,20652301.844314,56976,190.77584,12861811.1213501,0
2026-04-04 23:00:00,67399.91,67399.99,67261.32,67300.42,397.2679,2026-04-04 23:59:59.999,26748037.7995498,42092,188.85222,12715314.3519735,0
2026-04-05 00:00:00,67300.42,67307.28,67168.08,67225.0,431.18676,2026-04-05 00:59:59.999,28990651.219348,40291,190.49077,12808096.5144953,0
2026-04-05 01:00:00,67225.0,67230.0,67080.0,67085.0,369.56535,2026-04-05 01:59:59.999,24804947.4431311,46082,97.87381,6569462.3018515,0
2026-04-05 02:00:00,67085.0,67174.92,66955.72,67170.16,252.42427,2026-04-05 02:59:59.999,16929769.0185847,49683,158.76053,10648911.3845508,0
2026-04-05 03:00:00,67170.17,67188.09,67089.33,67145.98,163.69484,2026-04-05 03:59:59.999,10992361.1426611,25764,77.71113,5218433.2930739,0
2026-04-05 04:00:00,67145.98,67188.51,67073.56,67101.65,92.89503,2026-04-05 04:59:59.999,6235159.2983285,34134,45.48249,3052837.8764066,0
2026-04-05 05:00:00,67101.65,67154.98,66888.0,66931.65,466.39184,2026-04-05 05:59:59.999,31270743.1123511,46033,172.92905,11596415.0805787,0
2026-04-05 06:00:00,66931.65,66940.0,66611.66,66802.24,728.34135,2026-04-05 06:59:59.999,48639529.7040641,98296,318.61939,21277912.5429602,0
2026-04-05 07:00:00,66802.24,66914.48,66715.43,66820.64,615.79892,2026-04-05 07:59:59.999,41138481.353941,57160,369.80444,24704748.5596424,0
2026-04-05 08:00:00,66820.64,66940.0,66819.42,66933.18,227.07394,2026-04-05 08:59:59.999,15187012.4708883,47351,136.49533,9128913.8548497,0
2026-04-05 09:00:00,66933.18,67048.64,66902.15,67035.15,293.93169,2026-04-05 09:59:59.999,19689042.006267,56452,139.91406,9371857.6045002,0
2026-04-05 10:00:00,67035.15,67150.0,66968.35,67046.01,288.35183,2026-04-05 10:59:59.999,19328318.2413477,57526,103.14866,6914589.4865521,0
2026-04-05 11:00:00,67046.01,67087.22,66973.67,66999.0,253.07128,2026-04-05 11:59:59.999,16961671.816459,52253,92.97574,6231292.9187907,0
2026-04-05 12:00:00,66998.99,66999.0,66680.57,66783.58,607.98096,2026-04-05 12:59:59.999,40617469.2141262,104265,268.44502,17930169.3615575,0
2026-04-05 13:00:00,66783.59,66918.03,66693.91,66890.7,361.31735,2026-04-05 13:59:59.999,24140522.5560839,84725,178.06402,11896292.2444859,0
2026-04-05 14:00:00,66890.7,66963.95,66820.54,66918.03,296.0396,2026-04-05 14:59:59.999,19808174.307321,61303,104.61038,7000108.2855525,0
2026-04-05 15:00:00,66918.03,67856.16,66829.02,67306.64,1471.0776,2026-04-05 15:59:59.999,99178513.4980557,189283,748.01604,50438804.2422933,0
2026-04-05 16:00:00,67306.65,67410.0,67173.4,67212.62,356.80623,2026-04-05 16:59:59.999,24015394.9318926,96776,143.69517,9673214.9571486,0
2026-04-05 17:00:00,67212.61,67402.0,67187.95,67373.64,168.11139,2026-04-05 17:59:59.999,11313240.3597156,82775,91.37093,6149474.6956825,0
2026-04-05 18:00:00,67373.64,67451.78,67281.38,67413.78,210.99631,2026-04-05 18:59:59.999,14214726.9827902,66215,76.2371,5136731.5540336,0
2026-04-05 19:00:00,67413.78,67560.45,67276.67,67361.01,229.64378,2026-04-05 19:59:59.999,15481562.8970597,68409,108.50171,7315955.9201737,0
2026-04-05 20:00:00,67361.01,67705.74,67332.66,67658.35,338.30366,2026-04-05 20:59:59.999,22851976.1441571,83629,200.12383,13519080.6397247,0
2026-04-05 21:00:00,67658.35,67682.42,67408.07,67553.43,435.91664,2026-04-05 21:59:59.999,29440206.8512328,96936,201.43749,13605990.9397454,0
2026-04-05 22:00:00,67553.44,68374.75,67347.05,68338.43,1201.92322,2026-04-05 22:59:59.999,81583238.7192807,267569,711.55347,48308238.6822695,0
2026-04-05 23:00:00,68338.43,69136.2,68266.13,69034.18,1872.62368,2026-04-05 23:59:59.999,128849264.0343632,293347,1055.29636,72593939.1976929,0
2026-04-06 00:00:00,69034.18,69588.0,69034.18,69083.78,1917.91608,2026-04-06 00:59:59.999,132927144.145972,331501,1012.46697,70179811.523731,0
2026-04-06 01:00:00,69083.79,69139.63,68787.13,68810.18,991.41564,2026-04-06 01:59:59.999,68307439.8303646,192471,482.09456,33215969.8820452,0
2026-04-06 02:00:00,68810.17,69408.39,68776.61,69207.99,951.83494,2026-04-06 02:59:59.999,65860917.6749251,249670,509.22715,35234719.3410173,0
2026-04-06 03:00:00,69207.99,69259.06,69056.86,69123.69,641.74895,2026-04-06 03:59:59.999,44378952.7001506,128990,284.83078,19701008.2303188,0
2026-04-06 04:00:00,69123.69,69217.68,68980.36,69141.8,640.03746,2026-04-06 04:59:59.999,44235476.6919671,109220,390.07674,26963457.8001101,0
2026-04-06 05:00:00,69141.81,69247.0,69086.0,69199.31,664.48642,2026-04-06 05:59:59.999,45965363.4945856,89949,386.42859,26728938.0681574,0
2026-04-06 06:00:00,69199.31,69354.26,68806.53,68976.67,805.10068,2026-04-06 06:59:59.999,55594348.358664,157904,407.86027,28170778.4328729,0
2026-04-06 07:00:00,68976.67,69215.37,68821.07,69115.91,705.20265,2026-04-06 07:59:59.999,48679863.1419562,128759,232.48278,16048020.0780918,0
2026-04-06 08:00:00,69115.91,69347.85,69081.88,69224.63,514.80546,2026-04-06 08:59:59.999,35635175.9765508,129541,317.71144,21993723.2208677,0
2026-04-06 09:00:00,69224.63,70283.32,69214.46,69728.0,2395.68342,2026-04-06 09:59:59.999,167315166.4005289,304883,1244.45047,86901794.8069269,0
2026-04-06 10:00:00,69728.01,69950.0,69708.13,69770.88,634.91449,2026-04-06 10:59:59.999,44324229.7822467,146780,369.56103,25800256.0349818,0
2026-04-06 11:00:00,69770.88,69770.96,69565.01,69614.91,453.63795,2026-04-06 11:59:59.999,31600602.710473,117169,211.75342,14751135.4203894,0
2026-04-06 12:00:00,69614.91,69635.87,69329.23,69366.75,601.7024,2026-04-06 12:59:59.999,41803543.4723912,140090,272.90546,18959358.1260882,0
2026-04-06 13:00:00,69366.76,69550.0,69235.09,69428.23,656.60844,2026-04-06 13:59:59.999,45558882.7841267,258853,341.38297,23691310.1712943,0
2026-04-06 14:00:00,69428.23,69809.99,69163.86,69654.38,1336.92282,2026-04-06 14:59:59.999,92916180.7537037,395903,708.12338,49223213.9636459,0
2026-04-06 15:00:00,69654.39,69973.25,69526.87,69968.87,814.13173,2026-04-06 15:59:59.999,56796978.4453081,276253,477.63131,33327648.0743371,0
2026-04-06 16:00:00,69968.87,70351.46,69782.11,69799.14,1291.21899,2026-04-06 16:59:59.999,90435596.2701883,276616,689.23501,48286575.8649381,0
2026-04-06 17:00:00,69799.14,69820.0,69282.02,69574.61,914.30002,2026-04-06 17:59:59.999,63557824.9804597,288489,344.26037,23923954.969145,0
2026-04-06 18:00:00,69574.62,69967.78,69479.49,69888.97,537.79955,2026-04-06 18:59:59.999,37514817.0706402,200370,257.5757,17966784.7957756,0
2026-04-06 19:00:00,69888.97,69899.99,69583.33,69739.53,431.93913,2026-04-06 19:59:59.999,30132056.8273974,126326,190.35964,13280665.4196679,0
2026-04-06 20:00:00,69739.52,69974.08,69625.0,69826.01,372.95882,2026-04-06 20:59:59.999,26043000.0295966,107988,179.96656,12566530.4680067,0
2026-04-06 21:00:00,69826.0,69826.0,69423.09,69504.99,366.00988,2026-04-06 21:59:59.999,25469651.5324533,87356,138.89173,9665622.5988078,0
2026-04-06 22:00:00,69504.99,69581.92,68811.0,68811.0,578.82627,2026-04-06 22:59:59.999,40059288.456725,173755,240.79603,16669541.5670907,0
2026-04-06 23:00:00,68811.01,68912.97,68300.0,68853.66,1062.40825,2026-04-06 23:59:59.999,72907671.5647879,276687,459.72021,31546982.7800916,0
2026-04-07 00:00:00,68853.66,69128.2,68723.81,68775.7,908.20417,2026-04-07 00:59:59.999,62535426.348671,251367,388.22631,26738772.9197792,0
2026-04-07 01:00:00,68775.71,68900.63,68352.52,68400.01,682.14287,2026-04-07 01:59:59.999,46843653.7933118,242786,324.53017,22290361.4853318,0
2026-04-07 02:00:00,68400.01,68713.92,68273.34,68674.0,382.32486,2026-04-07 02:59:59.999,26193720.0277783,171409,218.08999,14943157.5283447,0
2026-04-07 03:00:00,68674.01,68800.94,68625.59,68779.21,449.64401,2026-04-07 03:59:59.999,30905923.0632975,108798,208.54379,14334905.4131511,0
2026-04-07 04:00:00,68779.2,68981.83,68540.84,68854.65,480.37449,2026-04-07 04:59:59.999,33013647.9992481,118009,244.0119,16774622.8220258,0
2026-04-07 05:00:00,68854.65,68866.0,68613.2,68669.0,546.70209,2026-04-07 05:59:59.999,37569041.6845113,82157,278.04184,19104766.081876,0
2026-04-07 06:00:00,68669.0,68669.01,68443.0,68568.35,488.73987,2026-04-07 06:59:59.999,33514162.9307166,80264,162.6042,11146924.8660143,0
2026-04-07 07:00:00,68568.35,68703.72,68500.0,68624.61,307.81904,2026-04-07 07:59:59.999,21118408.2936371,79878,221.91944,15224711.4013201,0
2026-04-07 08:00:00,68624.6,68984.48,68603.6,68936.71,338.93457,2026-04-07 08:59:59.999,23326977.9689465,122298,186.38126,12827214.413446,0
2026-04-07 09:00:00,68936.71,69247.9,68930.04,69150.05,436.92801,2026-04-07 09:59:59.999,30194541.20457,120059,278.03061,19212476.6110717,0
2026-04-07 10:00:00,69150.06,69199.87,68200.0,68237.93,899.01254,2026-04-07 10:59:59.999,61685973.5781185,214675,422.31226,28988206.783068,0
2026-04-07 11:00:00,68237.93,68455.96,68071.96,68345.75,598.71022,2026-04-07 11:59:59.999,40876226.3982597,145690,314.44852,21472470.2415826,0
2026-04-07 12:00:00,68345.75,68599.13,68080.0,68392.18,738.67705,2026-04-07 12:59:59.999,50465046.3417103,170920,360.19433,24607794.1309525,0
2026-04-07 13:00:00,68392.19,68633.87,68198.12,68231.99,822.0611,2026-04-07 13:59:59.999,56267085.2103956,193426,388.33997,26585491.7040285,0
2026-04-07 14:00:00,68231.99,68258.26,67763.64,67860.48,1396.10082,2026-04-07 14:59:59.999,94928280.6084962,300701,642.47406,43680347.9410791,0
2026-04-07 15:00:00,67860.49,68268.6,67732.01,68168.1,1084.45539,2026-04-07 15:59:59.999,73756197.3949877,212877,598.85173,40737779.6734683,0
2026-04-07 16:00:00,68168.11,68454.23,68085.01,68229.99,654.26405,2026-04-07 16:59:59.999,44660742.030238,189868,299.38232,20438082.1574211,0
2026-04-07 17:00:00,68230.0,69000.0,68198.22,68705.81,1147.70463,2026-04-07 17:59:59.999,78749716.2149234,183673,588.95003,40407202.2074044,0
2026-04-07 18:00:00,68705.82,68773.24,68358.1,68442.53,630.41269,2026-04-07 18:59:59.999,43220536.8378939,132017,254.38832,17441416.164082,0
2026-04-07 19:00:00,68442.52,69098.44,68358.1,69011.29,1385.03929,2026-04-07 19:59:59.999,95205486.3321365,258140,788.46432,54218087.7195499,0
2026-04-07 20:00:00,69011.29,69535.26,69011.29,69319.39,1097.55478,2026-04-07 20:59:59.999,76092164.7444442,196904,602.73804,41768553.1065039,0
2026-04-07 21:00:00,69319.39,70216.68,69311.84,69927.64,1742.03489,2026-04-07 21:59:59.999,121646710.92636,271263,1006.74781,70272186.0391868,0
2026-04-07 22:00:00,69927.65,71528.0,69927.65,71514.09,2841.66596,2026-04-07 22:59:59.999,201139060.1447952,484080,1690.88345,119710993.5637582,0
2026-04-07 23:00:00,71514.1,72761.0,71194.9,71924.22,3690.98922,2026-04-07 23:59:59.999,265729125.76524952,540447,1996.62804,143803564.2565974,0
2026-04-08 00:00:00,71924.22,72110.65,71541.51,71710.19,1153.45069,2026-04-08 00:59:59.999,82891585.016868,253574,538.76691,38728046.0576756,0
2026-04-08 01:00:00,71710.19,71758.6,71452.68,71476.97,621.6206,2026-04-08 01:59:59.999,44495839.9635139,134202,238.54978,17076251.4643473,0
2026-04-08 02:00:00,71476.98,71727.01,71240.99,71364.94,1153.76247,2026-04-08 02:59:59.999,82424661.4994492,141406,513.49349,36681877.8749593,0
2026-04-08 03:00:00,71364.95,71479.97,71277.18,71287.39,441.23135,2026-04-08 03:59:59.999,31484697.1190931,72060,223.82891,15973246.6302122,0
2026-04-08 04:00:00,71287.39,71676.77,71287.38,71566.18,721.11279,2026-04-08 04:59:59.999,51578505.239984,86939,341.78501,24439391.6050452,0
2026-04-08 05:00:00,71566.66,71831.6,71560.0,71731.1,821.79755,2026-04-08 05:59:59.999,58915453.8261952,93637,331.29795,23751683.912856,0
2026-04-08 06:00:00,71731.1,71941.42,71581.14,71732.69,811.19618,2026-04-08 06:59:59.999,58236985.7740732,104409,319.07031,22907860.8737241,0
2026-04-08 07:00:00,71732.7,71902.0,71573.04,71627.59,943.84918,2026-04-08 07:59:59.999,67665254.5154802,102943,371.8859,26670940.3308716,0
2026-04-08 08:00:00,71627.59,71831.08,71627.59,71800.0,501.15204,2026-04-08 08:59:59.999,35952018.1411609,103512,259.57719,18621278.9947609,0
2026-04-08 09:00:00,71799.99,71955.0,71588.75,71678.87,419.9995,2026-04-08 09:59:59.999,30146289.5204426,82392,199.49447,14318966.6941641,0
2026-04-08 10:00:00,71678.87,71790.0,71457.61,71476.98,514.219,2026-04-08 10:59:59.999,36814034.8028998,79930,243.36114,17425859.954306,0
2026-04-08 11:00:00,71476.97,71739.67,71407.77,71675.12,779.27898,2026-04-08 11:59:59.999,55772042.317842,111924,411.05486,29423768.3975676,0
2026-04-08 12:00:00,71675.12,72181.81,71581.76,72071.95,1226.00544,2026-04-08 12:59:59.999,88153457.0885858,178515,724.92282,52108258.3058262,0
2026-04-08 13:00:00,72071.95,72857.0,71510.0,71600.01,2821.31683,2026-04-08 13:59:59.999,203814663.5188735,477399,1497.6902,108256438.1467004,0
2026-04-08 14:00:00,71600.0,71751.42,70707.23,70912.88,1895.54834,2026-04-08 14:59:59.999,134991889.4535169,403864,946.92613,67470302.133792,0
2026-04-08 15:00:00,70912.89,71349.05,70833.3,71310.0,873.16856,2026-04-08 15:59:59.999,62084245.3344589,232188,523.14458,37194616.7143819,0
2026-04-08 16:00:00,71309.99,71699.0,71250.93,71600.02,747.75076,2026-04-08 16:59:59.999,53396269.8082006,189874,373.19411,26657051.4654467,0
